{
    "acc": [
        0.44642857142857145,
        0.5357142761349678,
        0.5535714285714286,
        0.5535714285714286,
        0.5535714285714286,
        0.5535714285714286,
        0.5714285543986729,
        0.5535714285714286,
        0.642857164144516,
        0.6071428592715945,
        0.6071428592715945,
        0.6071428592715945,
        0.642857164144516,
        0.6607142899717603,
        0.642857164144516,
        0.6249999850988388,
        0.7142857206719262,
        0.6607142899717603,
        0.6964285948446819,
        0.7142857206719262,
        0.7142857206719262,
        0.7678571513720921,
        0.7142857206719262,
        0.7857142771993365,
        0.7857142771993365,
        0.7321428464991706,
        0.7678571513720921,
        0.7500000255448478,
        0.7321428464991706,
        0.8392857078995023,
        0.7857142771993365,
        0.7857142771993365,
        0.8392857078995023,
        0.821428582072258,
        0.7678571513720921,
        0.8392857078995023,
        0.8035714030265808,
        0.8571428337267467,
        0.8392857078995023,
        0.821428582072258,
        0.9107142644269126,
        0.8928571385996682,
        0.8749999936137881,
        0.9285714434725898,
        0.8928571385996682,
        0.9285714434725898,
        0.9107142644269126,
        0.8571428337267467,
        0.8928571385996682,
        0.9464285692998341
    ],
    "loss": [
        0.735449595110757,
        0.6866799060787473,
        0.8355805831296104,
        0.9041181169450283,
        0.8872404236878667,
        0.7678415498563221,
        0.6998169283781733,
        0.7225462741085461,
        0.6897150363240924,
        0.6417441772563117,
        0.710425963891404,
        0.7042940588934081,
        0.5975910640720811,
        0.6047264337539673,
        0.588790340082986,
        0.571413931835975,
        0.5602874988024789,
        0.6250928797359977,
        0.5279860770595926,
        0.5542884301394224,
        0.5614954893078122,
        0.4974826414670263,
        0.5459684032414641,
        0.4505736074809517,
        0.44600491292242495,
        0.5737792261477027,
        0.542078025439488,
        0.49103686825505327,
        0.5153050567688686,
        0.4165651071816683,
        0.4834735888455595,
        0.4680815759514059,
        0.37499142597828594,
        0.401740962639451,
        0.4687020233167069,
        0.3919332724596773,
        0.38270252543900696,
        0.3836496929371996,
        0.3625871654865997,
        0.31710022494995166,
        0.33453802338668276,
        0.2865470288587468,
        0.2684125394693443,
        0.15906643621357425,
        0.2667222341323005,
        0.2532746103991355,
        0.19356872061533587,
        0.26467630373580114,
        0.19180077560512082,
        0.2349655106663704
    ],
    "val_acc": [
        0.4897959232330322,
        0.4897959232330322,
        0.4897959232330322,
        0.4897959232330322,
        0.4897959232330322,
        0.4897959232330322,
        0.4693877696990967,
        0.4693877696990967,
        0.4693877696990967,
        0.4693877696990967,
        0.4897959232330322,
        0.5510203838348389,
        0.5510203838348389,
        0.6122449040412903,
        0.5510203838348389,
        0.5714285969734192,
        0.5714285969734192,
        0.6122449040412903,
        0.6122449040412903,
        0.6530612111091614,
        0.6326530575752258,
        0.6326530575752258,
        0.6122449040412903,
        0.5714285969734192,
        0.6122449040412903,
        0.6122449040412903,
        0.6326530575752258,
        0.6326530575752258,
        0.6122449040412903,
        0.5714285969734192,
        0.5714285969734192,
        0.5510203838348389,
        0.5510203838348389,
        0.5714285969734192,
        0.5510203838348389,
        0.5510203838348389,
        0.5510203838348389,
        0.5510203838348389,
        0.5102040767669678,
        0.5102040767669678,
        0.5306122303009033,
        0.5918367505073547,
        0.5306122303009033,
        0.5102040767669678,
        0.5102040767669678,
        0.5510203838348389,
        0.6530612111091614,
        0.6122449040412903,
        0.5510203838348389,
        0.5102040767669678
    ],
    "val_loss": [
        0.7051116228103638,
        0.9323586225509644,
        1.0584003925323486,
        0.9910720586776733,
        0.8588154911994934,
        0.7681643962860107,
        0.7320237159729004,
        0.7349093556404114,
        0.769020676612854,
        0.809814453125,
        0.8157527446746826,
        0.7775725722312927,
        0.7460182905197144,
        0.7486116886138916,
        0.7868438959121704,
        0.8543680906295776,
        0.8714577555656433,
        0.831577718257904,
        0.827149510383606,
        0.8301417827606201,
        0.8402784466743469,
        0.8724328875541687,
        0.9158236384391785,
        0.9574228525161743,
        0.9566119313240051,
        0.9707809090614319,
        0.938288152217865,
        0.9389750957489014,
        0.949688732624054,
        0.9844614863395691,
        0.9474866986274719,
        0.9319230914115906,
        0.9533806443214417,
        0.9860665202140808,
        0.972120463848114,
        0.9563252925872803,
        0.9770894050598145,
        0.994066596031189,
        1.0762012004852295,
        1.1328548192977905,
        1.107133388519287,
        1.0502022504806519,
        1.093956708908081,
        1.2314536571502686,
        1.2522720098495483,
        1.190237045288086,
        1.1947637796401978,
        1.2184813022613525,
        1.3012669086456299,
        1.467991828918457
    ]
}