{
    "acc": [
        0.26778242765111404,
        0.31380753057022975,
        0.259414228123601,
        0.3472803372219517,
        0.33054393673292265,
        0.4686192482024057,
        0.577405860234504,
        0.6066945650338129,
        0.6443514574833494,
        0.5564853517206144,
        0.6610878668569621,
        0.631799169040624,
        0.6694560649504722,
        0.606694564909117,
        0.6317991592519951,
        0.6276150607663717,
        0.6192468554404988,
        0.6443514610683568,
        0.6569037669373357,
        0.6527196615310893
    ],
    "loss": [
        1.5335297385020237,
        1.2367282627017926,
        1.2272493121015478,
        1.120228745947323,
        1.1768192127658732,
        1.0806856050650944,
        0.8946568826252447,
        0.8077678830055013,
        0.7452327955716823,
        0.9243097754203126,
        0.6729121326652032,
        0.7586148595710179,
        0.6366738453819163,
        0.7710633484888276,
        0.6561982309967903,
        0.6384106685551639,
        0.6590432679304019,
        0.6396134814333218,
        0.6203190916252934,
        0.5832190698160786
    ],
    "val_acc": [
        0.32786884879479644,
        0.3442622953262485,
        0.32786884879479644,
        0.3606557381934807,
        0.45901639173265363,
        0.606557381201963,
        0.6229508081909085,
        0.639344259363706,
        0.6557377012538128,
        0.606557381201963,
        0.6557376973453115,
        0.6557376973453115,
        0.6557377012538128,
        0.6393442547223607,
        0.6557376973453115,
        0.6557376973453115,
        0.6393442547223607,
        0.639344268157834,
        0.6721311438767636,
        0.639344268157834
    ],
    "val_loss": [
        1.2485144333761247,
        1.0915443858162301,
        1.0810441150039922,
        1.0245287476992997,
        0.9919996222511667,
        0.857772279958256,
        0.7567257119006798,
        0.6571292193209539,
        0.6062407395878776,
        0.678315847134981,
        0.5858423406960535,
        0.5813070574744803,
        0.5561146022843533,
        0.5767902976176777,
        0.5385580849452097,
        0.5291791338412488,
        0.5266449690842238,
        0.5180203870671695,
        0.5216402975750751,
        0.5100565000635678
    ]
}